net,length_um
net188,629.1
_2093_,629.02
net105,623.93
_2083_,611.6
_2131_,569.28
net235,550.94
net197,549.31
net234,548.96
_2094_,529.1
_2011_,523.24
_2202_,515.61
_2087_,514.42
_2088_,505.57
_2172_,502.105
net554,498.795
_2085_,498.67
net261,495.97
_2193_,494.04
net274,489.66
_0444_,485.99
_2084_,481.75
_2122_,481.44
_2188_,479.46
_2101_,478.37
_1798_,474.9
net158,473.1
_0138_,471.39
net184,462.56
_2089_,458.125
net239,448.86
net176,445.95
net111,440.79
net132,433.76
net162,425.67
_2086_,424.69
_0514_,418.63
_2121_,417.76
_2144_,415.79
net502,415.405
_2102_,414.68
_2204_,413.85
net46,407.82
net501,406.68
net530,406.37
_2177_,405.95
net497,405.61
net490,405.6
net175,404.21
_1142_,402.4
net345,401.22
net171,395.06
_1645_,394.53
_0776_,392.26
net149,388.34
net45,387.42
net267,387.07
net281,385.95
net48,384.91
net47,383.28
clknet_0_clk,381.88
net140,377.68
net163,377.15
_2110_,375.84
net280,375.53
net201,375.18
net263,374.47
net56,374.23
_1617_,372.71
_0596_,371.52
net275,369.84
_0944_,369.64
net55,369.59
net236,368.38
_1695_,367.74
net269,361.8
net518,360.4
_0822_,354.16
_2187_,352.74
net232,351.48
net4,350.34
net52,350.34
net272,350.31
_0980_,349.16
net266,348.7
net203,348.64
net54,347.32
net208,345.07
net286,343.05
_1124_,342.47
net568,342.37
net51,342.36
net198,341.6
net3,341.45
net50,339.39
_1859_,339
net553,336.58
net139,335.15
net303,334.94
_1201_,334.88
net268,334.82
clk,334.29
net209,332.99
net53,330.12
net238,330.11
net49,330.03
net42,328.2
net6,328.02
_1671_,326.88
net179,325.26
net230,324.86
net489,324.76
_1331_,322.1
_1390_,321.42
net44,321.08
net299,319.6
_1295_,319.52
net183,317.76
net41,317.73
net491,317.18
net270,316.12
net20,315.44
_1421_,314.8
net207,313.74
net277,313.58
net135,312.57
net180,311.97
net172,310.76
net124,308.82
net279,307.9
net2,306.525
net43,305.46
net304,305.37
net196,304.22
net276,303.88
net488,303.6
net5,301.86
net19,301.46
net181,300.31
net145,299.18
net8,298.96
net200,298.94
_1742_,298.31
net283,297.78
net16,297.7
net25,297.46
net192,296.06
net206,295.78
net265,295.22
net231,294.78
net222,294.3
net133,294.26
net487,293.98
net264,293
net323,292.98
net119,291.72
net482,290.99
net205,290.88
net334,290.52
_2244_,290.16
net190,288.09
net237,287.68
net221,287.38
net21,287.34
net278,287.1
net137,286.4
_1338_,286.23
net485,282.94
_1809_,280.69
net195,280.46
net306,280.01
net301,279.5
net542,278.44
net305,276.99
net481,276.93
net193,276.78
net22,276.035
net138,275.7
net199,275.33
net123,274.2
net486,274.01
net9,273.22
net298,272.41
net106,270.96
net284,270.92
_2149_,270.24
net309,269.46
net562,268.93
net494,267.98
net24,265.4
net308,264.42
_1012_,263.24
_1035_,262.32
net1,262.3
net223,262.24
net10,261.44
_2056_,261.22
net526,260.84
_0534_,260.82
_1223_,260.54
_2226_,260.28
net529,259.87
net185,257.79
net150,257.37
net17,255.98
net310,255.58
net535,252.23
net125,251.7
_0208_,251.35
net72,249.83
net371,249.26
net282,247.61
net538,247.46
_1460_,246.86
net255,246.3
net257,245.02
net311,244.88
net259,244.1
net254,243.88
_2207_,243.86
net7,243.86
net18,242.58
net374,242.4
net362,242.1
net189,241.96
net228,241.56
net71,241.45
net556,240.53
net224,239.96
net353,239.86
net242,239.7
net557,238.34
net290,237.26
net517,235.78
net314,235.74
net566,234.98
net525,233.83
net318,233.52
net356,233.38
net23,231.98
net347,231.56
net559,231.32
net258,230.44
net527,230.26
net164,230.21
net523,229.94
_1109_,229.49
net561,229.4
_1308_,229.07
net226,228.22
net127,227.09
_2034_,226.16
_2067_,225.94
net524,225.52
net312,224.43
net368,223.84
net285,223.78
_1048_,223.04
_0986_,222.86
net244,222.54
net560,221.3
net571,221.07
net570,219.32
_1041_,218.58
_0994_,218.22
net297,217.72
_0494_,216.48
_2045_,216.02
net569,215.95
net348,215.66
net367,215.21
net355,214.9
net496,214.6
net289,213.88
_0699_,212.69
clknet_3_4__leaf_clk,212.66
_1060_,212.44
net372,211.5
net319,210.56
_0852_,210.06
net296,209.38
net572,208.66
net15,208.32
net370,208.16
net369,208.02
net565,207.74
net252,207.3
net363,207.18
net229,206.44
net349,206.2
net522,205.43
_1328_,205.1
_2023_,204.16
net217,204.1
net159,204.045
net27,203.85
net227,203.62
net300,203.55
net40,203.33
net354,203.26
net256,203.12
_1454_,201.47
net112,201.33
_0695_,201.135
net218,200.06
net146,199.5
net335,198.7
net359,198.2
net317,195.4
net380,194.9
net287,194.55
net80,194.46
net313,194.42
net361,194.38
net366,194.06
net241,193.92
net39,192.58
net507,191.14
_0298_,190.54
net173,190.45
_0358_,190.02
net573,189.51
net245,189.1
net364,188.86
net225,188.56
net321,187.92
_0907_,187.86
clknet_3_3__leaf_clk,187.85
_0340_,186.8
net574,186.79
net351,186.72
net29,186.36
_0703_,185.4
_1433_,185.21
net365,184.8
net521,184.38
net483,183.88
net357,183.52
_1303_,183.27
net344,183.02
_0111_,182.575
net129,182.32
net382,181.74
net154,179.26
net343,179
net291,178.84
clknet_3_7__leaf_clk,178.64
net153,178.62
net174,178.33
_1074_,177.07
net30,176.88
net79,176.82
net315,175.34
net34,174.4
net28,174.36
_1117_,174.13
net219,173.64
_2296_,173.36
_0305_,173.22
net352,172.995
_0317_,172.28
_2247_,171.99
net13,171.86
net250,171.76
net350,171.62
net37,171.145
net307,169.48
_0361_,169.155
_2012_,168.64
_0109_,167.63
_0742_,167.41
net210,166.46
net545,166.14
net546,165.94
net320,165.88
_0117_,165.17
_1022_,165.16
_0737_,165.06
clknet_3_1__leaf_clk,164.22
_0709_,164.105
_1509_,164.1
net114,163.9
_0352_,163.885
net536,163.68
_0690_,163.415
_0898_,163.22
_0320_,163.06
_1546_,162.58
net73,162.5
_0130_,161.6
_0252_,161.48
_0681_,160.995
net410,160.77
net14,160.24
net420,160.04
_1203_,159.4
_0683_,159.26
_1291_,159.1
_1895_,159.08
net11,158.93
_0217_,158.835
_0685_,158.68
net212,158.365
net547,158.16
net548,158.1
_0233_,157.885
_2237_,157.54
_0793_,157.415
net26,157.08
_0904_,156.5
_2257_,156.5
net211,156.48
_1224_,156.46
net360,156.16
net397,155.8
net116,155.35
net295,155.14
_0331_,154.835
_0659_,154.75
_0231_,154.11
_0347_,153.71
net78,153.62
_0202_,152.82
_0660_,152.8
net426,152.72
_0807_,152.455
net396,152.42
_1282_,152.39
_0780_,152.385
net404,152.3
net202,152.18
_1159_,151.92
net96,151.66
_2249_,151.63
net403,151.25
_1547_,150.72
net292,149.82
_0889_,149.38
_0142_,149.24
_1028_,147.98
net77,147.36
_0353_,147.205
net408,146.68
net394,145.56
clknet_3_5__leaf_clk,144.88
_0668_,144.76
net136,144.73
_0105_,144.5
net36,144.24
net549,144.14
net402,144.04
net128,143.7
net76,143.3
_0342_,142.72
net74,142.72
net409,142.56
_1573_,141.96
_0677_,141.87
_0123_,141.85
net33,141.52
_0796_,141.5
_0197_,141.34
_0334_,141.18
_0102_,141.03
_0187_,140.91
_0757_,140.72
_0693_,140.62
net512,140.58
_1461_,140.43
_0809_,140.39
_2270_,140.205
_0560_,140.195
_0771_,139.16
_0255_,138.45
net398,138.4
_0896_,138.16
_0215_,138.15
net273,138.08
_1184_,138.02
_0789_,137.995
net155,137.94
_0650_,137.78
net445,137.33
net75,136.98
_0658_,136.845
_1872_,136.77
_1251_,136.76
_1066_,136.45
_0661_,136.4
clknet_3_0__leaf_clk,135.82
net38,135.78
_2261_,135.43
net66,135.36
_1077_,135.2
_0890_,135.05
_2303_,134.915
_0344_,134.54
net67,134.23
_0126_,134.165
net216,134.16
_0375_,133.84
net249,133.2
net322,132.94
net338,132.89
_0436_,132.76
net35,132.7
_0337_,132.21
_0764_,132.14
_0411_,132.12
_0114_,131.96
net395,131.94
_2239_,131.725
net12,131.58
_0524_,131.46
net550,131.36
net95,131.25
_2307_,131.03
_0495_,130.555
net65,130.48
_0218_,129.96
_0367_,129.74
net341,129.74
_0782_,129.72
net400,129.4
net407,129.22
net564,129.14
_0220_,129
_2265_,128.705
_1052_,128.34
_0517_,128.27
_1550_,128.13
_1882_,127.94
_0546_,127.82
net438,127.41
_2228_,127.29
net340,127.26
_0319_,127.035
_2279_,126.98
_2255_,126.97
_0120_,126.675
_2105_,126.59
_0649_,126.54
net432,126.54
_0724_,126.23
_1096_,125.84
net405,125.79
_0719_,125.745
net69,125.64
_0787_,125.45
_0539_,125.39
_0299_,125.23
net567,125.08
_0758_,125.07
_0803_,124.93
net337,124.72
_2240_,124.55
net417,124.455
_1551_,124.4
_2213_,124.16
_0366_,124.02
_2126_,123.85
_0769_,123.76
_2309_,123.56
_0834_,123.375
net428,123.25
net339,123.035
net68,122.89
_0206_,122.74
_2357_,122.68
_0688_,122.4
net373,122.4
_1200_,122.28
_0687_,122.185
_1539_,121.78
net94,121.74
_0522_,121.54
_0216_,121.41
_2229_,121.26
net32,120.8
net110,120.8
net157,120.64
_1564_,120.52
_0669_,120.34
_1094_,120.315
_0324_,119.905
_0537_,119.85
_0801_,119.56
_0408_,118.99
_1234_,118.94
_0087_,118.28
_1602_,118.22
_2090_,117.91
net70,117.91
_1250_,117.6
_2140_,117.545
_0413_,117.52
_1311_,117.35
_1053_,116.86
net414,116.63
_1733_,116.54
_2227_,116.34
_2272_,115.98
_1800_,115.9
net418,115.33
_0657_,115.245
net460,114.82
net240,114.56
net31,114.52
net412,114.36
_2116_,114.315
_0285_,114.26
net446,114.26
_0239_,113.345
net551,113.04
net462,112.94
_0531_,112.88
net187,112.88
net293,112.81
_1482_,112.7
net246,112.56
net329,112.48
_0280_,112.26
_0310_,112.26
net416,112.26
_2328_,112.225
_2278_,111.965
_0359_,111.58
_0754_,111.43
_0373_,111.295
_0247_,111.21
_0603_,111.21
net411,110.79
_0849_,110.58
net532,110.54
net332,110.48
_0516_,110.39
_1840_,110.24
_1190_,110.18
_0089_,109.86
_0547_,109.695
net248,109.58
_1681_,109.295
_1745_,109.17
_0219_,108.8
_0562_,108.205
_0887_,108.14
_0459_,107.86
_0698_,107.6
_2137_,107.48
_1465_,107.4
net215,107.18
_0400_,106.815
_1596_,106.635
_0261_,106.6
net93,106.38
_0094_,106.045
_0275_,105.985
net90,105.89
_1764_,105.82
net390,105.8
net435,105.48
_0384_,105.43
net444,105.22
_0715_,104.585
net89,104.12
_0148_,103.87
_0269_,103.78
_0085_,103.485
_0248_,103.285
_0718_,103.235
_0594_,103.165
_0240_,102.98
_1007_,102.4
_0619_,102.12
_0333_,101.055
_0552_,100.87
net441,100.85
_0501_,100.84
_1540_,100.8
net92,100.58
_0270_,100.515
net439,100.43
_0396_,100.25
_2118_,100.06
_0766_,99.815
_0777_,99.61
_1486_,99.24
net421,98.96
_0892_,98.94
_2155_,98.91
_0910_,98.73
net429,98.7
_0326_,98.62
_0665_,98.46
net377,98.46
_0463_,98.405
net342,97.7
_2332_,97.38
_0405_,97.3
_0599_,97
_2252_,96.86
net424,96.59
net333,96.5
_0095_,96.305
_2230_,96.17
net91,96.12
net520,96.06
_0092_,96.05
_0160_,96.04
net514,95.88
_0515_,95.78
net415,95.3
_0816_,95.17
_2082_,95.08
_0554_,95.05
net214,94.96
net130,94.62
_0364_,94.52
net422,94.47
_1684_,94.21
_0328_,93.92
_1165_,93.9
_1313_,93.86
_0672_,93.16
net423,92.94
_0446_,92.76
_0088_,92.68
_0763_,92.62
_0508_,92.56
_2220_,92.51
net539,92.5
_2208_,92.08
_0513_,91.88
net461,91.75
net144,91.7
_0958_,91.55
_2301_,91.5
_0084_,91.24
clknet_3_2__leaf_clk,91.22
_2168_,91.085
_0300_,90.685
_0263_,90.68
_0082_,90.51
_1079_,90.34
_0571_,90.33
_1493_,90.11
_2114_,89.89
net117,89.26
_0399_,88.88
net118,88.55
net434,88.52
_0745_,87.99
net511,87.74
net506,87.58
_0397_,87.415
_0844_,87.365
_1636_,87.32
_0772_,87.205
_0694_,87.18
net516,87.16
_0071_,86.775
_2234_,85.995
_2092_,85.85
_1278_,85.66
_0847_,85.56
_0909_,85.42
_0526_,85.215
_0946_,85.16
net247,85.16
_1796_,85.09
_1087_,84.625
_0543_,84.57
_0939_,84.53
_2313_,84.44
_2100_,83.835
_1089_,83.6
_0166_,83.5
_1172_,83.41
_2225_,83.3
net454,83.265
_2151_,83.26
_0951_,83.13
_2233_,82.94
_0236_,82.83
clknet_3_6__leaf_clk,82.68
_0416_,82.54
net456,81.84
net459,81.46
_1751_,81.34
_0243_,81.28
_1188_,81.28
_1556_,81.15
_0707_,80.9
_1173_,80.9
_1677_,80.9
_1555_,80.58
net505,80.51
_1691_,80.48
_2141_,80.27
_0162_,80.24
_0962_,80.24
_0108_,79.95
_0322_,79.56
net406,79.12
_1398_,78.84
_0461_,78.47
_1777_,78.36
net472,77.24
net148,77.16
_0756_,76.58
_0221_,76.165
_1515_,75.97
_0759_,75.95
_0179_,75.94
_0591_,75.78
_0957_,75.71
_0210_,75.69
_1146_,75.2
_0605_,74.835
_0302_,74.26
_1532_,74.11
_0477_,74.06
net131,74.06
_0132_,73.89
net450,73.7
_0245_,73.66
_0673_,73.64
_0276_,73.22
_1627_,73.19
_0519_,73.075
_0454_,72.5
net448,72.48
net375,72.34
_1578_,72.3
_2242_,72.155
_2161_,71.94
_2147_,71.62
_0370_,71.45
_0652_,70.94
_0749_,70.94
_2186_,70.88
_2299_,70.86
_1794_,70.77
_1196_,70.67
_0177_,70.59
_0431_,70.28
_0662_,69.78
_0568_,69.515
_0134_,69.32
net147,69.22
net453,69.21
_0832_,68.98
_0942_,68.915
_0831_,68.71
_2300_,68.515
net457,68.48
_1317_,68.32
_0386_,68.26
_0527_,68.21
_2150_,68.175
_0615_,67.76
_0760_,67.735
_0165_,67.18
_0074_,67.06
_0592_,66.93
_0083_,66.785
_0529_,66.62
_1212_,66.42
_1572_,65.98
_0156_,65.56
_0805_,65.56
_0614_,65.52
_1471_,65.38
_1133_,65.22
net152,65.12
_2324_,65.035
_2210_,64.86
_2130_,64.835
_0097_,64.825
_1640_,64.74
_0842_,64.63
_1531_,64.48
net463,64.21
_2156_,63.98
net471,63.72
_0464_,63.68
net513,63.66
_0257_,63.145
_0379_,63.1
_1067_,63.01
net452,62.87
_1101_,62.34
net499,62.2
_0079_,61.96
net376,61.96
_2184_,61.74
_2289_,61.74
net495,61.74
_2217_,61.7
net122,61.16
_0881_,61.12
net509,61.08
_1470_,60.75
_0289_,60.67
_0641_,60.32
_0883_,60.22
_2124_,60.2
_1143_,59.66
_0469_,59.13
net389,59.08
_0913_,58.9
_1315_,58.9
_2232_,58.86
net388,58.83
_0404_,58.56
_2104_,58.35
net186,58.14
_0100_,58.08
_1054_,57.94
_1740_,57.88
_0154_,57.855
net142,57.69
net498,57.68
_0743_,57.6
_0945_,57.48
_2170_,57.395
net88,57.16
_1228_,57.1
_0224_,56.98
_1420_,56.92
net107,56.88
_1114_,56.74
net451,56.68
net386,56.62
_0498_,56.595
_1298_,56.28
_0838_,56.24
_0949_,55.96
_1103_,55.96
_0843_,55.82
_2180_,55.63
_0656_,55.58
_0499_,55.36
_0161_,55.34
_2317_,55.34
_1919_,55.24
_0260_,55.22
_0080_,54.84
_1154_,54.44
net464,54.33
_2145_,54.26
_1242_,54.1
_0442_,54.06
_1186_,54.04
_0131_,53.955
_2211_,53.92
net160,53.76
net141,53.58
_0622_,53.56
net87,53.42
final_sum4[12],53.4
_2337_,53.32
_1598_,53.22
_0455_,53.205
_0612_,53.06
_0440_,52.98
net385,52.48
_2329_,52.47
_2108_,52.46
_1650_,52.42
net413,52.42
_2167_,52.1
_0705_,52.02
_0159_,52.01
net473,51.96
_0597_,51.92
_0902_,51.86
_0075_,51.65
_2178_,51.6
_0590_,51.58
_0738_,51.56
_1726_,51.48
_1125_,51.44
_0211_,51.28
net328,51.26
_0835_,51.18
_1205_,50.98
_0840_,50.91
_1237_,50.82
_1168_,50.56
_0602_,50.42
net476,50.42
final_sum4[11],50.34
_0313_,50.16
_0409_,50.14
_0654_,50.11
_0557_,49.98
_1581_,49.92
_0836_,49.66
_1638_,49.58
_0497_,49.54
_2347_,49.5
net383,49.46
_1216_,49.42
sm1.s1.t2.A_wire\[3\],49.42
net393,49.16
_1062_,49.04
final_sum4[10],48.98
net326,48.98
_0064_,48.755
_0600_,48.64
final_sum5[2],48.38
final_sum5[8],48.3
_0728_,48.235
final_sum5[1],48.04
_2103_,47.87
_2135_,47.62
_2095_,47.44
_1541_,47.2
_2154_,46.9
_0702_,46.78
final_sum5[0],46.68
_0920_,46.62
partial_sum15[6],46.6
net104,46.54
_1249_,46.47
_0421_,46.44
_0679_,46.38
net430,46.24
_1294_,46.04
net170,45.98
_0858_,45.96
net455,45.9
_2128_,45.815
partial_sum14_3[6],45.76
_0500_,45.4
_0712_,45.4
_1078_,45.4
final_sum4[1],45.4
_1211_,45.36
partial_sum15[10],45.3
_0723_,45.06
_1652_,45.02
net474,44.96
_2291_,44.88
final_sum4[6],44.84
_0496_,44.64
_1241_,44.62
net443,44.6
_0691_,44.38
final_sum4[0],44.38
final_sum4[2],44.38
final_sum4[3],44.38
final_sum4[4],44.38
partial_sum14_3[8],44.38
_0155_,44.08
_1274_,43.955
_0153_,43.82
final_sum3[9],43.64
_1281_,43.58
final_sum7[2],43.52
net64,43.38
_0485_,43.28
net169,43.28
_0426_,43.08
_0323_,43.04
_1698_,43
final_sum3[11],42.88
net503,42.6
final_sum7[12],42.54
_1583_,42.38
final_sum7[9],42.36
net302,42.36
net330,42.3
net63,42.14
_2316_,42.06
_0774_,41.865
net62,41.72
final_sum6[9],41.7
_1056_,41.56
net165,41.44
_1080_,41.03
_0839_,40.98
net442,40.94
final_sum7[1],40.76
_1865_,40.7
_0204_,40.58
net161,40.58
_2123_,40.54
_2305_,40.2
net384,40.2
final_sum5[10],39.82
_1516_,39.8
_2269_,39.8
final_sum3[3],39.76
_0868_,39.66
_0573_,39.44
net475,39.44
_1264_,39.36
final_sum8[0],39.24
_0996_,39.235
final_sum3[12],39.14
_1171_,38.94
_1175_,38.9
_0504_,38.88
net492,38.88
partial_sum15[7],38.86
final_sum6[11],38.77
_2112_,38.69
_0316_,38.52
final_sum3[7],38.44
_0081_,38.34
final_sum7[8],38.34
_0917_,38.14
final_sum4[5],37.94
partial_sum14_3[11],37.84
final_sum8[4],37.78
_1381_,37.58
_2342_,37.58
_1665_,37.56
net86,37.54
_1457_,37.48
final_sum8[3],37.48
net477,37.42
_1364_,37.33
_0301_,37.32
final_sum3[8],37.08
_0675_,37.06
partial_sum14_1[13],37.04
_0565_,37.02
_1129_,36.98
_0863_,36.9
net151,36.88
_0520_,36.76
partial_sum15[5],36.74
net378,36.66
final_sum5[11],36.62
final_sum7[3],36.62
net508,36.62
_0395_,36.58
net61,36.58
net427,36.42
_0230_,36.4
_0226_,36.34
net166,36.32
final_sum5[6],36.16
final_sum7[0],36.16
final_sum3[4],36.1
final_sum3[5],36.1
partial_sum15[1],36.08
_0227_,35.96
final_sum6[10],35.78
partial_sum15_1[4],35.7
final_sum6[12],35.62
_1806_,35.58
_1081_,35.56
partial_sum14_1[12],35.44
_0607_,35.3
net327,35.28
final_sum5[5],35.24
final_sum5[7],35.24
final_sum6[0],35.24
final_sum6[1],35.24
final_sum6[2],35.24
final_sum6[3],35.24
final_sum6[4],35.24
final_sum6[5],35.24
final_sum6[6],35.24
final_sum6[7],35.24
final_sum6[8],35.24
_0536_,35.18
_1118_,34.98
_1611_,34.94
final_sum7[4],34.82
_0846_,34.74
partial_sum15[4],34.7
sm2.s2.t1.A_wire\[3\],34.4
final_sum3[10],34.32
_1137_,34.26
final_sum5[9],34.22
_2267_,34.18
partial_sum15[8],34.18
final_sum5[12],34
_1157_,33.76
_2129_,33.68
sm2.s1.t1.A_wire\[3\],33.6
_1353_,33.5
_0511_,33.4
partial_sum15[3],33.34
_1565_,33.31
_0393_,33.28
_0406_,33.06
partial_sum14_2[0],33
net325,33
_0666_,32.94
_1245_,32.85
_0624_,32.8
_1204_,32.8
_1345_,32.77
net191,32.72
_1329_,32.58
final_sum4[7],32.56
_0739_,32.53
final_sum4[8],32.52
final_sum4[9],32.52
final_sum7[11],32.52
final_sum7[7],32.52
final_sum8[2],32.52
partial_sum14_2[2],32.5
_2109_,32.44
_0518_,32.41
final_sum7[6],32.1
final_sum5[3],32.06
final_sum5[4],32.06
_0272_,32.04
_1189_,32.04
_1517_,32.04
_0481_,32
final_sum3[0],31.96
_1098_,31.94
final_sum2[11],31.84
_0604_,31.82
_1728_,31.72
partial_sum14_3[10],31.64
partial_sum14_3[12],31.54
sm1.s1.t1.A_wire\[9\],31.52
partial_sum15_1[6],31.5
partial_sum15_1[7],31.5
_2285_,31.29
_2165_,31.28
partial_sum15_1[3],31.28
partial_sum14_2[4],31.26
final_sum7[5],31.18
final_sum8[1],31.1
_0099_,31.02
net167,30.96
_0235_,30.88
final_sum8[5],30.84
_1582_,30.78
_0182_,30.74
final_sum3[6],30.7
final_sum7[10],30.64
partial_sum14_1[10],30.58
partial_sum14_2[3],30.58
partial_sum14_2[7],30.58
_1686_,30.54
_1899_,30.52
partial_sum14_3[7],30.5
_1376_,30.38
partial_sum15_1[5],30.26
_0196_,30.18
_1846_,30.12
_2246_,30.12
partial_sum14_2[12],30.12
partial_sum14_2[13],30.12
partial_sum14_3[4],30.12
net120,29.98
partial_sum14_2[1],29.88
partial_sum15[13],29.88
_0937_,29.82
partial_sum15[14],29.8
final_sum2[7],29.66
_1545_,29.54
partial_sum14_1[9],29.54
partial_sum14_1[8],29.5
_0821_,29.4
_1040_,29.28
net479,29.28
net60,28.92
_1615_,28.9
partial_sum15_1[0],28.9
net425,28.86
_0551_,28.82
_1383_,28.7
partial_sum15_1[8],28.7
partial_sum14_1[11],28.5
partial_sum14_3[5],28.5
_1622_,28.4
net294,28.4
_1276_,28.36
_0118_,28.32
final_sum2[8],28.26
_2352_,28.2
_0559_,28.16
partial_sum14_3[9],28.16
final_sum2[10],28.1
_2263_,28.06
_1797_,27.98
_1544_,27.94
partial_sum14_3[13],27.92
_1525_,27.88
net467,27.86
_0941_,27.75
partial_sum14_3[0],27.72
partial_sum14_1[7],27.68
partial_sum15[12],27.66
partial_sum15[0],27.64
partial_sum15_1[11],27.6
net480,27.58
partial_sum15[9],27.56
_0923_,27.48
partial_sum15_1[13],27.48
partial_sum15_1[9],27.48
partial_sum14_3[2],27.36
partial_sum14_3[3],27.36
partial_sum15[2],27.24
_0453_,27.1
_1727_,27.1
net204,27.1
net449,27.1
_0991_,27.08
_1151_,27
_0579_,26.98
partial_sum14_2[11],26.78
final_sum2[12],26.74
net194,26.72
_0837_,26.7
_0877_,26.68
net431,26.66
partial_sum16[0],26.64
_1207_,26.52
net134,26.46
_1807_,26.41
partial_sum15_1[2],26.36
net243,26.22
_0175_,26.2
net177,26.06
partial_sum15_1[12],25.98
partial_sum14_2[6],25.95
_0124_,25.94
partial_sum14_2[10],25.94
_0282_,25.92
partial_sum15_1[10],25.9
_0429_,25.88
partial_sum14_1[6],25.88
_1907_,25.84
_1050_,25.8
_1664_,25.8
net466,25.78
_0995_,25.72
_1676_,25.72
_2115_,25.72
net85,25.62
_1111_,25.58
_0664_,25.5
partial_sum14[10],25.5
net178,25.4
_1403_,25.38
_1765_,25.28
_1955_,25.26
_0345_,25.24
_1252_,25.2
_0899_,25.1
_1131_,25.09
partial_sum16[1],25.06
partial_sum16[2],25.06
net100,25.06
partial_sum14_3[1],25.04
_1115_,25.02
final_sum3[2],24.91
_1139_,24.88
_1721_,24.88
final_sum3[1],24.86
partial_sum15_1[1],24.86
_0830_,24.84
_1717_,24.84
_0163_,24.82
sm1.s2.t2.A_wire\[3\],24.76
_1758_,24.72
net458,24.64
partial_sum15_1[14],24.6
net478,24.6
final_sum2[6],24.54
_1436_,24.5
partial_sum14_2[9],24.48
net470,24.46
_0567_,24.44
partial_sum14_1[1],24.44
partial_sum14_2[5],24.44
_1849_,24.38
_2139_,24.38
partial_sum15[11],24.36
_0146_,24.32
_0020_,24.305
_1191_,24.26
_1639_,24.26
partial_sum14[11],24.14
partial_sum14[7],24.14
partial_sum14[8],24.14
partial_sum14[9],24.14
_0521_,24.08
_1566_,24.06
partial_sum14[12],24.02
_1321_,24
_1858_,23.98
_0621_,23.92
_0982_,23.72
_1110_,23.72
_1434_,23.49
sm1.s2.t1.A_wire\[3\],23.46
_1827_,23.44
_2195_,23.41
_0886_,23.38
net387,23.38
_1823_,23.3
_0103_,23.18
_0873_,23.18
net392,23.18
partial_sum14_2[8],23.15
_1586_,23.12
_1148_,23.1
_1898_,23.06
partial_sum14_1[0],23.06
_1319_,23.04
final_sum8[11],23.04
_1595_,23.02
_1104_,22.94
_0779_,22.8
_1746_,22.74
partial_sum16[7],22.66
_1324_,22.62
_1802_,22.62
partial_sum14[0],22.62
_0321_,22.6
_0720_,22.58
_1703_,22.58
_0145_,22.55
_2222_,22.52
_1891_,22.5
sm2.s2.t2.A_wire\[3\],22.36
final_sum8[7],22.34
_1092_,22.28
partial_sum16[6],22.26
_1082_,22.22
_2175_,22.2
partial_sum14[13],22.18
_1155_,22.16
_0368_,22.12
_2346_,22.12
_1437_,22.1
_1651_,22.1
net109,22.1
partial_sum16[4],22.08
final_sum2[3],22.06
net379,22.06
_1620_,22.04
sm2.s1.t2.A_wire\[3\],21.96
_1537_,21.88
_1672_,21.88
partial_sum16[3],21.88
_1042_,21.83
_1533_,21.8
_2099_,21.8
_1408_,21.78
final_sum1[5],21.74
_2315_,21.72
final_sum8[8],21.7
final_sum2[9],21.64
_1883_,21.63
_0365_,21.54
_1507_,21.5
_0794_,21.42
_1610_,21.405
partial_sum16[5],21.4
_0157_,21.39
final_sum8[10],21.38
_1590_,21.32
_1575_,21.3
_1585_,21.3
_2311_,21.28
_1404_,21.22
_1958_,21.19
_1789_,21.12
_0993_,21.1
_0871_,21.08
_1864_,21.06
_1343_,21
_1326_,20.98
_2125_,20.92
final_sum8[9],20.84
partial_sum14_1[3],20.76
_1084_,20.7
_1273_,20.66
_1613_,20.66
_1119_,20.62
_1536_,20.58
_0237_,20.56
_1246_,20.38
_0626_,20.32
_0855_,20.32
_1336_,20.24
_1961_,20.19
_1767_,20.18
sm1.s1.t2.A_wire\[4\],20.18
_1130_,20.16
_1589_,20.16
sm1.s1.t1.A_wire\[3\],20.16
partial_sum14_1[4],20.1
_0098_,20.08
_1667_,20.08
_0502_,20.04
_1548_,20.04
_2176_,20.02
final_sum1[10],20
_0507_,19.98
_1561_,19.98
_1832_,19.9
_0696_,19.86
net465,19.86
final_sum2[2],19.82
_1350_,19.78
_2221_,19.78
net391,19.78
final_sum2[5],19.76
partial_sum16[9],19.76
partial_sum14[6],19.52
_1690_,19.48
sm2.s2.t2.A_wire\[4\],19.48
_1029_,19.46
_1230_,19.46
_1696_,19.46
_1225_,19.44
partial_sum14_1[2],19.42
partial_sum16[12],19.42
partial_sum14_1[5],19.38
_0682_,19.28
_1707_,19.2
_1957_,19.2
_0891_,19.16
_1635_,19.04
_1508_,19
final_sum8[12],18.92
final_sum8[6],18.92
_0381_,18.86
partial_sum14[5],18.82
_0374_,18.78
_0151_,18.76
_1700_,18.72
net84,18.72
_0753_,18.7
_1150_,18.68
_1701_,18.62
_0401_,18.6
_1351_,18.6
_1834_,18.59
_1783_,18.54
_0992_,18.5
_0706_,18.48
_1954_,18.48
final_sum2[4],18.46
_1488_,18.3
_0632_,18.28
_1195_,18.28
_1845_,18.28
_1439_,18.22
net103,18.22
net469,18.2
_0250_,18.16
_1952_,18.16
_1153_,18.14
_1352_,18.12
final_sum2[0],18.12
_0213_,18.1
_1960_,18.1
_1760_,18.06
_1902_,18.04
_0065_,18.02
_0988_,18.02
_1438_,18.02
_1112_,17.94
_1510_,17.94
_0093_,17.92
_1592_,17.92
_1105_,17.88
_2164_,17.87
_1842_,17.775
_1699_,17.68
net540,17.68
_0147_,17.66
_1761_,17.6
_1838_,17.56
final_sum1[11],17.56
final_sum1[6],17.56
sum_out5[10],17.53
_0900_,17.52
_1177_,17.52
_1318_,17.52
_1669_,17.495
_1233_,17.48
_1570_,17.48
_1288_,17.46
_1300_,17.46
_1673_,17.44
_1389_,17.36
_1483_,17.32
_1122_,17.3
sum_out5[8],17.25
sm2.s1.t2.A_wire\[4\],17.24
_0407_,17.22
_1866_,17.2
sm1.s2.t1.A_wire\[9\],17.16
_0329_,17.1
_1848_,17.09
sm2.s1.t1.A_wire\[4\],17.04
_1003_,17.02
_1102_,16.98
_1649_,16.96
_1134_,16.9
_1239_,16.9
_1875_,16.86
partial_sum14[4],16.78
_0762_,16.76
_2212_,16.74
_0853_,16.68
_1512_,16.66
_1449_,16.64
_1962_,16.58
_1495_,16.54
_1030_,16.48
_1628_,16.48
_2004_,16.48
_1860_,16.43
_1312_,16.42
data3[5],16.42
_2182_,16.38
sm2.s2.t1.A_wire\[4\],16.38
_1504_,16.29
_0122_,16.26
_0489_,16.26
_1360_,16.26
_2322_,16.26
_1843_,16.24
_1916_,16.24
_1063_,16.22
_1513_,16.22
final_sum1[12],16.2
final_sum2[1],16.2
data3[4],16.18
_1729_,16.16
_0492_,16.14
_0606_,16.14
_2159_,16.12
_0663_,16.1
_0808_,16.08
_0918_,16.06
_1332_,16
_0791_,15.98
_1340_,15.98
_1524_,15.94
_1231_,15.9
_0750_,15.88
_0931_,15.88
_1474_,15.86
_1560_,15.84
_1284_,15.8
_2113_,15.8
sm1.s1.t2.A_wire\[7\],15.78
_0254_,15.76
_2334_,15.76
sum_out6[1],15.73
_1160_,15.72
_0335_,15.68
_1170_,15.68
_1632_,15.68
_2111_,15.68
_0355_,15.66
_1781_,15.66
_2007_,15.65
_1562_,15.6
_0735_,15.54
_0173_,15.42
_1306_,15.4
_1359_,15.4
net440,15.4
_0437_,15.38
_1412_,15.38
_1257_,15.36
_1813_,15.34
_2000_,15.34
_0711_,15.3
_0869_,15.26
_1792_,15.24
_1182_,15.22
_1058_,15.2
_1181_,15.12
sm1.s2.t1.A_wire\[4\],15.12
net81,15.12
_1347_,15.06
_1443_,15.06
_2245_,15.02
partial_sum16[8],15
_1123_,14.98
_1289_,14.96
_1756_,14.96
_0901_,14.94
_1279_,14.92
_1643_,14.88
_1856_,14.88
_1416_,14.86
_1986_,14.86
partial_sum16[10],14.86
_0608_,14.84
sm2.s1.t2.A_wire\[5\],14.84
_1192_,14.81
_1563_,14.8
_1999_,14.79
data3[2],14.78
sm2.s1.t1.A_wire\[5\],14.775
_0201_,14.76
_1805_,14.76
_1812_,14.69
_1377_,14.68
_0997_,14.64
_0382_,14.6
_1612_,14.58
_2097_,14.58
data4[5],14.58
_0448_,14.575
_0642_,14.56
_0984_,14.56
sm1.s1.t1.A_wire\[7\],14.56
_2358_,14.52
_1371_,14.48
_1396_,14.48
_1253_,14.46
sm1.s2.t2.A_wire\[4\],14.46
_1272_,14.44
_1226_,14.42
_1844_,14.42
sum_out5[9],14.39
_0648_,14.34
_1061_,14.34
_1285_,14.34
data3[7],14.34
_0452_,14.32
partial_sum16[11],14.32
_1090_,14.3
net583,14.25
_1914_,14.14
_1964_,14.14
_0692_,14.12
data3[3],14.12
_0294_,14.1
_1342_,14.1
data8[3],14.1
_0488_,14.08
_1867_,14.07
_0185_,14.06
_1055_,14.06
partial_sum14[1],14.02
_1136_,14
_1588_,13.98
_0378_,13.96
_0717_,13.96
_0848_,13.96
_0879_,13.96
_1593_,13.94
sm2.s1.t2.A_wire\[7\],13.94
_0371_,13.92
_1138_,13.92
_1646_,13.9
_1852_,13.9
_0278_,13.88
_1394_,13.88
data4[4],13.88
_1953_,13.86
_1453_,13.84
_1861_,13.84
_2008_,13.84
net484,13.84
_1775_,13.82
sm2.s1.t1.A_wire\[7\],13.82
_0271_,13.8
_1485_,13.8
_0966_,13.76
_1480_,13.73
_1402_,13.64
_0091_,13.62
_1193_,13.6
_1010_,13.58
_1292_,13.58
_1442_,13.58
_1680_,13.58
_0640_,13.56
_1297_,13.56
partial_sum14[2],13.56
partial_sum14[3],13.56
_0726_,13.5
_1712_,13.5
_1873_,13.5
net108,13.5
_2079_,13.48
final_sum1[8],13.48
final_sum1[9],13.48
partial_sum16[13],13.48
partial_sum16[14],13.48
partial_sum16[15],13.48
_0073_,13.46
_1414_,13.46
_1890_,13.46
sm1.s1.t1.A_wire\[4\],13.46
sum_out7[0],13.45
_0312_,13.42
_1855_,13.4
_0744_,13.38
_1608_,13.38
_1626_,13.38
_1666_,13.38
net552,13.38
_0637_,13.34
_0768_,13.34
_0450_,13.28
_1773_,13.22
_2336_,13.22
data5[1],13.2
_1521_,13.12
_1057_,13.08
_1719_,13.08
_2078_,13.08
_0671_,13.04
_2062_,13.04
_0225_,13
_0428_,13
_1001_,13
_1881_,13
_0067_,12.98
sum_out8[10],12.97
_0287_,12.94
_1663_,12.94
_0595_,12.92
_1422_,12.92
_1571_,12.92
_1720_,12.92
sm2.s2.t2.A_wire\[5\],12.92
_2214_,12.82
_1908_,12.8
_1542_,12.79
data4[0],12.74
_1948_,12.72
_0327_,12.7
_1939_,12.7
_2061_,12.7
_1577_,12.68
_0061_,12.665
_0076_,12.66
_1183_,12.66
_0974_,12.64
_0990_,12.62
final_sum1[7],12.6
_0716_,12.58
_2258_,12.58
_0655_,12.56
_1520_,12.56
_0983_,12.55
_0002_,12.54
sm2.s2.t1.A_wire\[5\],12.54
_1219_,12.52
_1774_,12.52
net98,12.52
_0176_,12.5
_1004_,12.5
_1527_,12.49
_0746_,12.46
_1373_,12.455
_1918_,12.44
_1263_,12.42
_1417_,12.42
_2223_,12.39
_1217_,12.38
_2098_,12.38
_2153_,12.38
_2330_,12.38
addr4[0],12.38
_0229_,12.36
_2288_,12.36
_1374_,12.3
_1543_,12.3
_2183_,12.3
data3[6],12.28
data8[1],12.28
_0389_,12.26
sm2.s2.t2.A_wire\[7\],12.26
_1518_,12.24
net97,12.24
_0625_,12.18
sm1.s2.t1.A_wire\[5\],12.18
addr6[3],12.16
net168,12.16
_1782_,12.15
_1116_,12.14
sum_out6[2],12.13
_1113_,12.12
sum_out6[0],12.11
sum_out5[11],12.09
_0989_,12.08
_1120_,12.08
sum_out6[3],12.07
data5[6],12.04
_2136_,12.02
_1005_,12
_1584_,12
_1254_,11.98
_2119_,11.96
sum_out8[8],11.95
_1990_,11.9
_1222_,11.88
_1633_,11.88
_1675_,11.84
_1876_,11.84
_1158_,11.82
data6[0],11.82
sum_out7[5],11.81
_1934_,11.78
_1942_,11.76
_1991_,11.74
_0817_,11.72
_1064_,11.72
_0697_,11.7
data4[6],11.7
_0922_,11.68
_1049_,11.64
_2321_,11.63
_1260_,11.62
_0003_,11.615
_1499_,11.59
_0874_,11.58
_1221_,11.58
_1287_,11.58
_1623_,11.58
_2260_,11.58
net115,11.58
_0651_,11.54
_1549_,11.54
_1963_,11.54
_1444_,11.5
_1579_,11.5
sum_out5[7],11.47
_1014_,11.46
_1522_,11.46
_2120_,11.44
addr8[0],11.44
addr8[3],11.44
data2[1],11.44
_0987_,11.42
_1121_,11.42
_1995_,11.42
_1567_,11.36
_1587_,11.36
addr3[4],11.36
data3[1],11.36
data8[2],11.36
_0172_,11.355
_1826_,11.34
_1944_,11.32
_1554_,11.3
_0273_,11.28
_1750_,11.28
_0424_,11.26
_1015_,11.26
_1448_,11.26
_2014_,11.26
_0115_,11.24
_0277_,11.24
_0350_,11.24
_1815_,11.24
_1994_,11.22
_2286_,11.16
out2_2[3],11.15
_2009_,11.14
_0291_,11.12
_0295_,11.12
_0432_,11.12
_0578_,11.12
_0914_,11.12
_1091_,11.12
_1625_,11.12
_1967_,11.12
data8[4],11.12
_0014_,11.115
_0976_,11.1
_2203_,11.1
_1046_,11.08
_1910_,11.08
_2091_,11.06
_2133_,11.02
_0575_,11
_0733_,10.98
data3[0],10.98
_1836_,10.97
_2160_,10.96
_1830_,10.94
net99,10.92
_0906_,10.9
addr3[1],10.9
addr4[1],10.9
addr4[2],10.9
addr5[2],10.9
addr6[4],10.9
data4[3],10.9
data6[1],10.9
_0152_,10.88
_1688_,10.88
_0584_,10.86
_2276_,10.85
_0066_,10.84
_1305_,10.84
_1140_,10.82
_1418_,10.82
_1886_,10.82
_2016_,10.82
_2074_,10.82
sum_out7[2],10.81
_0332_,10.79
_0104_,10.78
_0636_,10.78
_0731_,10.78
_0936_,10.78
_1270_,10.78
sum_out6[7],10.77
_1044_,10.76
final_sum1[3],10.76
final_sum1[4],10.76
net182,10.74
_0885_,10.72
_1552_,10.72
_1213_,10.68
_0473_,10.66
_0912_,10.66
_1026_,10.66
_1069_,10.66
_1419_,10.66
_1440_,10.66
_1966_,10.66
net500,10.66
net510,10.66
_0281_,10.58
_1000_,10.58
_1051_,10.58
_1176_,10.58
_1741_,10.58
_1901_,10.58
out1_8[3],10.57
data5[7],10.56
net531,10.56
_1152_,10.54
_0653_,10.52
_1835_,10.5
_1984_,10.48
sm2.s1.t2.A_wire\[8\],10.48
_1023_,10.46
_1730_,10.44
addr2[0],10.44
addr4[4],10.44
addr5[0],10.44
addr5[1],10.44
net468,10.44
sm2.s1.t2.A_wire\[6\],10.42
net121,10.4
_1870_,10.36
sum_out7[4],10.35
out1_7[6],10.33
sum_out4[0],10.33
sum_out7[8],10.33
_0128_,10.32
_0474_,10.32
_2254_,10.32
sum_out3[10],10.31
final_sum1[0],10.3
final_sum1[1],10.3
final_sum1[2],10.3
_0141_,10.28
_0850_,10.28
_1647_,10.28
_1648_,10.28
_0639_,10.265
_0267_,10.24
_0676_,10.24
_1929_,10.23
_1179_,10.22
_1629_,10.22
out1_7[4],10.21
_1534_,10.2
_1277_,10.16
sm2.s2.t2.A_wire\[9\],10.16
_1558_,10.14
addr8[2],10.1
_1692_,10.08
_1801_,10.08
_1068_,10.04
_1399_,10.04
_2069_,10.04
_0714_,10
_2117_,10
_0140_,9.98
_1885_,9.98
addr2[1],9.98
addr2[3],9.98
addr3[3],9.98
addr6[0],9.98
addr7[0],9.98
addr7[1],9.98
addr7[2],9.98
addr7[3],9.98
addr7[4],9.98
data1[3],9.98
data2[5],9.98
data4[7],9.98
data6[3],9.98
data6[4],9.98
data6[5],9.98
data6[6],9.98
data6[7],9.98
data7[4],9.98
data7[5],9.98
data7[7],9.98
data8[0],9.98
data8[6],9.98
data8[7],9.98
_1075_,9.96
_1099_,9.96
sm2.s1.t2.A_wire\[10\],9.96
_1380_,9.94
sm1.s1.t2.A_wire\[5\],9.94
_0823_,9.92
_1904_,9.92
_1162_,9.91
_0308_,9.9
_1043_,9.9
_2166_,9.9
sum_out8[9],9.89
_1972_,9.88
_2331_,9.88
_2341_,9.88
net58,9.88
out1_6[5],9.87
_0107_,9.86
_0574_,9.86
_0845_,9.86
_1036_,9.86
_1132_,9.86
_1770_,9.86
_0086_,9.82
_0149_,9.82
_1368_,9.82
_1500_,9.82
_1754_,9.78
_2236_,9.78
sum_out4[2],9.75
sum_out4[6],9.75
_2262_,9.74
_1900_,9.72
_0394_,9.7
_1829_,9.7
_0171_,9.68
sm1.s2.t2.A_wire\[7\],9.68
_1912_,9.67
sm1.s1.t1.A_wire\[8\],9.64
_1974_,9.6
sm1.s2.t1.A_wire\[7\],9.58
_1357_,9.54
addr1[0],9.52
addr1[1],9.52
addr8[4],9.52
data1[2],9.52
data4[2],9.52
net57,9.52
_2001_,9.5
_0016_,9.485
_0667_,9.48
_1687_,9.48
_0214_,9.46
_2107_,9.46
_1085_,9.44
_1606_,9.43
_0133_,9.42
_0430_,9.42
_0894_,9.42
out1_2[9],9.41
sum_out6[9],9.41
_0072_,9.4
_0234_,9.4
net59,9.4
_1736_,9.395
sum_out3[11],9.37
_0390_,9.36
_1762_,9.36
_0804_,9.32
_1290_,9.32
_1868_,9.32
_1045_,9.28
_1936_,9.26
_1037_,9.24
_1393_,9.24
_1714_,9.24
_1887_,9.24
out1_3[3],9.21
out2_7[1],9.21
_1107_,9.2
_1127_,9.2
_0609_,9.18
_1906_,9.18
_1178_,9.16
_1917_,9.16
_1970_,9.16
sm1.s2.t2.A_wire\[10\],9.16
_2294_,9.14
_2200_,9.12
_2327_,9.1
out1[2],9.07
_0925_,9.06
addr1[2],9.06
addr1[3],9.06
addr1[4],9.06
addr2[2],9.06
addr2[4],9.06
addr3[0],9.06
addr3[2],9.06
addr4[3],9.06
addr5[3],9.06
addr5[4],9.06
addr6[1],9.06
addr6[2],9.06
data1[0],9.06
data1[1],9.06
data1[4],9.06
data1[5],9.06
data1[6],9.06
data1[7],9.06
data2[2],9.06
data2[3],9.06
data2[4],9.06
data2[6],9.06
data2[7],9.06
data4[1],9.06
data5[0],9.06
data5[2],9.06
data5[3],9.06
data5[4],9.06
data6[2],9.06
data7[0],9.06
data7[1],9.06
data7[2],9.06
data7[6],9.06
data8[5],9.06
_1463_,9.04
_1038_,9
_1905_,9
_1996_,9
_0786_,8.98
_1850_,8.98
_1862_,8.98
_2251_,8.98
net113,8.98
sum_out2[9],8.97
sum_out4[9],8.97
_0916_,8.96
_2314_,8.96
sum_out5[4],8.95
_0491_,8.94
_0710_,8.94
_1674_,8.94
_1731_,8.94
_1511_,8.93
_1428_,8.92
_1951_,8.92
_1988_,8.92
_1301_,8.9
_1693_,8.9
_1828_,8.88
out1_7[5],8.87
out2_6[4],8.87
sum_out8[11],8.87
_0309_,8.86
_1032_,8.86
_1489_,8.86
_1704_,8.86
out2_5[10],8.85
_1498_,8.84
_1210_,8.82
_1634_,8.82
_1514_,8.81
_1370_,8.78
_1735_,8.78
_0708_,8.76
_1476_,8.74
_1283_,8.73
sum_out1[2],8.73
_1372_,8.695
_1316_,8.68
_1778_,8.68
_0598_,8.66
_1008_,8.66
_1716_,8.66
_1378_,8.62
_0336_,8.6
_1932_,8.6
addr8[1],8.6
data2[0],8.6
data5[5],8.6
data7[3],8.6
_1100_,8.58
_1976_,8.56
_1973_,8.54
_0039_,8.525
_0465_,8.52
_1744_,8.52
_1857_,8.52
sm2.s2.t1.A_wire\[7\],8.52
out1_3[2],8.51
_1031_,8.5
_1817_,8.5
_2197_,8.5
_0670_,8.48
_0903_,8.46
_1367_,8.46
_1715_,8.46
_1837_,8.46
_0630_,8.44
_0919_,8.44
_1879_,8.44
_1980_,8.44
sum_out4[3],8.41
sum_out4[7],8.41
sum_out7[3],8.41
_1689_,8.4
_1739_,8.4
_1923_,8.4
out2_4[5],8.39
_1492_,8.37
_1161_,8.36
_1569_,8.36
_2020_,8.34
_0001_,8.32
_1144_,8.32
_2191_,8.32
_2196_,8.32
_1271_,8.28
_1299_,8.28
_1568_,8.28
_0314_,8.24
_1198_,8.24
_0195_,8.22
_0144_,8.2
sm1.s2.t1.A_wire\[10\],8.2
sm1.s2.t1.A_wire\[8\],8.2
_0926_,8.18
_1894_,8.16
_1653_,8.15
_1660_,8.14
_0788_,8.12
_1021_,8.12
_1405_,8.12
_1641_,8.1
net541,8.1
_0070_,8.08
_1927_,8.08
_0713_,8.06
_0985_,8.06
_1033_,8.06
_1141_,8.06
_1928_,8.06
out1_4[9],8.05
out1_6[3],8.05
out1_7[8],8.05
out1_8[7],8.05
out2_3[0],8.05
out2_5[2],8.05
sum_out2[1],8.05
sum_out3[6],8.05
sum_out3[9],8.05
_0203_,8.04
_0462_,8.04
_1467_,8.03
out1_2[5],8.03
out1_4[3],8.03
out1_4[7],8.03
out1_5[8],8.03
out1_6[1],8.03
out2[0],8.03
out2[4],8.03
out2[8],8.03
out2_2[9],8.03
out2_5[0],8.03
sum_out1[4],8.03
sum_out4[1],8.03
sum_out4[5],8.03
sum_out6[11],8.03
sum_out6[5],8.03
_0180_,8.02
_1853_,8.02
sum_out1[1],8.01
sum_out4[4],8.01
sum_out4[8],8.01
sum_out6[10],8.01
sum_out6[4],8.01
sum_out6[6],8.01
sum_out6[8],8.01
_0019_,8
_1847_,8
_1896_,7.98
_2044_,7.96
_0112_,7.94
_0449_,7.94
_0930_,7.94
_1604_,7.94
_1818_,7.94
sum_out2[10],7.93
_1384_,7.86
_1810_,7.86
sm2.s1.t1.A_wire\[10\],7.86
_1913_,7.8
_0447_,7.78
_1528_,7.78
_1322_,7.74
sm2.s2.t1.A_wire\[10\],7.74
_1479_,7.72
net433,7.7
net577,7.69
_0631_,7.68
_0828_,7.68
_1718_,7.68
_2081_,7.68
_2284_,7.68
_1780_,7.66
_0895_,7.64
_1334_,7.64
_1354_,7.64
_1710_,7.64
_2326_,7.64
sum_out5[6],7.61
sum_out8[7],7.61
_0121_,7.6
_0425_,7.6
_0445_,7.6
_1320_,7.6
_1409_,7.6
net271,7.6
out1[5],7.59
out2_5[5],7.59
sum_out1[10],7.59
sum_out2[8],7.59
sum_out8[6],7.59
_1814_,7.58
sum_out2[11],7.57
_0060_,7.565
_2304_,7.56
_1668_,7.54
_0704_,7.52
_1897_,7.52
_1259_,7.48
_1697_,7.48
_0509_,7.44
_1591_,7.44
net82,7.44
_1445_,7.42
_1787_,7.42
_0009_,7.4
_1432_,7.4
_1487_,7.4
_1600_,7.4
net582,7.37
out1_7[3],7.37
sum_out3[1],7.37
out1_2[1],7.35
out1_5[4],7.35
out2_4[3],7.35
out1_7[7],7.33
_1009_,7.32
_1941_,7.32
_0000_,7.285
_1763_,7.28
_0041_,7.245
_0006_,7.24
_0403_,7.22
_0443_,7.22
_0955_,7.22
_1462_,7.22
net419,7.22
_1335_,7.2
_1356_,7.2
_1427_,7.2
_2219_,7.2
sm2.s2.t1.A_wire\[6\],7.2
_0349_,7.18
_0701_,7.18
_1135_,7.18
_2003_,7.18
sm1.s1.t1.A_wire\[5\],7.18
net102,7.18
net558,7.18
sum_out7[11],7.15
_0476_,7.14
_0700_,7.14
_1310_,7.14
_2281_,7.14
_1208_,7.12
_0928_,7.1
_0932_,7.1
_1791_,7.1
_2027_,7.1
_2280_,7.1
sm2.s2.t1.A_wire\[9\],7.1
_0356_,7.08
sm2.s2.t2.A_wire\[8\],7.08
_0244_,7.06
_1425_,7.06
_1748_,7.06
_1969_,7.06
sum_out4[11],7.03
sum_out5[3],7.03
_1574_,7.01
out1[10],7.01
out1[6],7.01
out1_2[7],7.01
net579,7.01
out1_3[8],7.01
out1_5[6],7.01
out1_6[7],7.01
out1_8[1],7.01
out2[10],7.01
out2[6],7.01
out2_2[7],7.01
out2_3[8],7.01
out2_4[1],7.01
out2_5[6],7.01
sum_out1[9],7.01
sum_out2[0],7.01
sum_out3[8],7.01
sum_out5[2],7.01
_1475_,7
_2282_,7
rst,6.99
_0460_,6.98
_1819_,6.98
_1722_,6.965
_0736_,6.96
_1382_,6.96
sm2.s1.t2.A_wire\[9\],6.96
_1339_,6.94
_1426_,6.94
_1481_,6.94
_1732_,6.94
_0007_,6.925
_0950_,6.92
sum_out7[9],6.91
_0383_,6.9
_2335_,6.9
_1466_,6.86
_1472_,6.82
_0256_,6.8
_0523_,6.78
_1163_,6.78
_2259_,6.78
_0533_,6.76
_0545_,6.76
_0968_,6.76
_1755_,6.76
sm1.s2.t2.A_wire\[5\],6.76
_1017_,6.74
_1603_,6.74
_2026_,6.74
_2169_,6.74
_0438_,6.72
_1174_,6.72
_1401_,6.72
_1609_,6.72
_1685_,6.72
_1244_,6.7
out2_8[6],6.69
sum_out1[5],6.69
sum_out7[7],6.69
out1[8],6.67
out1_2[3],6.67
out1_3[10],6.67
out1_3[6],6.67
out1_4[1],6.67
out1_4[5],6.67
out1_5[10],6.67
out1_6[9],6.67
out1_7[2],6.67
out2[2],6.67
out2_2[1],6.67
out2_2[5],6.67
out2_3[10],6.67
out2_3[4],6.67
out2_3[6],6.67
out2_4[9],6.67
out2_5[8],6.67
out2_8[5],6.67
sum_out3[0],6.67
sum_out3[3],6.67
sum_out4[10],6.67
sum_out7[6],6.67
_0929_,6.66
out2_8[4],6.65
sum_out1[11],6.65
sum_out1[3],6.65
sum_out3[5],6.65
sum_out3[7],6.65
sum_out5[1],6.65
sum_out5[5],6.65
sum_out7[1],6.65
_0806_,6.64
_0860_,6.64
_1494_,6.64
_1851_,6.64
_0054_,6.625
_0008_,6.62
_0078_,6.62
_1341_,6.6
_1724_,6.6
_1956_,6.6
_2053_,6.58
out1_3[1],6.57
out1_3[5],6.57
out1_5[3],6.57
out1_8[10],6.57
_0188_,6.53
_0158_,6.52
_0967_,6.52
_1243_,6.52
_1355_,6.52
_1358_,6.52
net437,6.52
_1662_,6.5
_1407_,6.48
_1429_,6.48
_1799_,6.48
_1965_,6.48
_0377_,6.44
_0629_,6.42
_0924_,6.42
_1759_,6.4
_1559_,6.395
_1047_,6.38
_1126_,6.38
_2356_,6.32
_0303_,6.3
_1385_,6.3
_0212_,6.28
_1269_,6.28
_1497_,6.28
_0781_,6.26
_1435_,6.26
_1519_,6.26
_2048_,6.26
_2050_,6.26
_2333_,6.26
net436,6.26
net534,6.26
out1_5[2],6.23
_0010_,6.225
_0558_,6.2
_0943_,6.2
_1323_,6.2
_0139_,6.18
_0325_,6.18
_0402_,6.18
_1423_,6.18
_2201_,6.18
_1256_,6.16
_0435_,6.14
_0472_,6.14
_0580_,6.14
_0634_,6.14
_0644_,6.14
_0795_,6.14
_1070_,6.14
_1267_,6.14
_1286_,6.14
_1327_,6.14
_1878_,6.14
_2080_,6.14
_2224_,6.14
net519,6.14
_0564_,6.08
_1083_,6.08
_0036_,6.065
sm1.s2.t1.A_wire\[6\],6.06
_1656_,6.04
_1808_,6.02
sm2.s2.t2.A_wire\[10\],6.02
out1_4[10],5.99
sum_out1[7],5.99
_0729_,5.98
_0286_,5.96
sm2.s1.t1.A_wire\[9\],5.96
_1723_,5.94
_0307_,5.92
_0911_,5.92
_1013_,5.92
_1397_,5.9
_1496_,5.9
_2323_,5.86
_1280_,5.84
_1580_,5.84
_1734_,5.84
_1424_,5.82
_1821_,5.82
sm1.s2.t2.A_wire\[9\],5.82
_0439_,5.8
_0617_,5.8
_0686_,5.8
_1709_,5.8
_2192_,5.8
net83,5.8
_0864_,5.74
_1185_,5.74
_1987_,5.74
sm1.s1.t1.A_wire\[10\],5.74
_0242_,5.72
_0362_,5.72
_0940_,5.72
_0999_,5.72
_2021_,5.72
_0125_,5.7
_0388_,5.7
_1502_,5.7
_1924_,5.7
sm1.s1.t2.A_wire\[8\],5.7
sm2.s1.t1.A_wire\[6\],5.7
sm2.s2.t2.A_wire\[6\],5.7
_0077_,5.68
_0458_,5.68
_0544_,5.68
_0623_,5.68
_0812_,5.68
_1262_,5.68
_1431_,5.68
_1450_,5.68
_1743_,5.68
_1816_,5.68
_1979_,5.68
_1526_,5.65
out1_7[9],5.65
out1_8[4],5.65
out2_6[10],5.65
out2_6[2],5.65
out2_8[10],5.65
out2_8[2],5.65
out2_8[8],5.65
_2158_,5.645
out2_8[3],5.63
sum_out3[4],5.63
sum_out5[0],5.63
_0026_,5.62
_1971_,5.62
_1019_,5.6
_1215_,5.6
_1553_,5.6
_1831_,5.6
_1982_,5.6
_2293_,5.6
_0021_,5.58
_0813_,5.56
_1235_,5.56
_1386_,5.56
_0468_,5.52
_2181_,5.52
_0017_,5.5
_1576_,5.48
_1975_,5.48
_0467_,5.46
_0192_,5.44
_0044_,5.435
_0046_,5.435
_0410_,5.4
_0482_,5.4
_0556_,5.4
_0628_,5.4
_0905_,5.4
_1379_,5.4
_0969_,5.38
_2051_,5.38
net537,5.38
_1266_,5.36
_1530_,5.36
_1642_,5.36
_2059_,5.36
sm1.s1.t1.A_wire\[6\],5.36
_0110_,5.34
_0169_,5.34
_0721_,5.34
_1073_,5.34
_1128_,5.34
_1194_,5.34
_1616_,5.34
_2005_,5.34
_2205_,5.34
_2231_,5.34
net563,5.34
out1[3],5.31
out1_2[10],5.31
out1_8[8],5.31
out2_3[1],5.31
out2_4[6],5.31
out2_5[3],5.31
out2_6[6],5.31
out2_6[8],5.31
out2_7[3],5.31
out2_7[5],5.31
out2_7[7],5.31
out2_7[9],5.31
out2_8[0],5.31
sum_out2[3],5.31
sum_out2[5],5.31
sum_out2[7],5.31
sum_out8[1],5.31
sum_out8[3],5.31
sum_out8[5],5.31
out2_6[1],5.29
out2_6[3],5.29
out2_6[5],5.29
out2_6[7],5.29
out2_6[9],5.29
out2_7[0],5.29
out2_7[10],5.29
out2_7[2],5.29
out2_7[4],5.29
out2_7[6],5.29
out2_7[8],5.29
out2_8[1],5.29
out2_8[7],5.29
out2_8[9],5.29
sum_out1[0],5.29
sum_out1[6],5.29
sum_out1[8],5.29
sum_out2[2],5.29
sum_out2[4],5.29
sum_out2[6],5.29
sum_out3[2],5.29
sum_out7[10],5.29
sum_out8[0],5.29
sum_out8[2],5.29
sum_out8[4],5.29
_0232_,5.28
_0283_,5.28
_1261_,5.28
_1410_,5.28
_2253_,5.28
_1304_,5.27
_0961_,5.26
_0977_,5.26
_1255_,5.26
_1337_,5.26
_1738_,5.26
_2036_,5.26
_2134_,5.26
_2297_,5.26
_1658_,5.24
_0164_,5.22
_0191_,5.22
_0249_,5.22
_0346_,5.22
_0417_,5.22
_0581_,5.22
_0829_,5.22
_0935_,5.22
_1024_,5.22
_1071_,5.22
_1501_,5.22
_2029_,5.22
_2057_,5.22
_2132_,5.22
net336,5.22
net555,5.22
_0964_,5.16
_1981_,5.16
_0510_,5.14
_0616_,5.14
_0965_,5.14
_1145_,5.14
_1659_,5.14
_0505_,5.12
_0975_,5.12
sm2.s1.t1.A_wire\[8\],5.12
_1708_,5.1
_0050_,5.085
_1702_,5.06
_0576_,5.04
_1490_,5.02
_1106_,5
_1657_,5
_1268_,4.95
net581,4.95
_1771_,4.94
_2006_,4.94
_0068_,4.92
_0258_,4.92
_0363_,4.92
_0493_,4.92
_0732_,4.92
_0934_,4.92
_0978_,4.92
_1034_,4.92
_1166_,4.92
_1469_,4.92
_1985_,4.92
_2198_,4.92
_1413_,4.9
_1822_,4.9
_2063_,4.9
_0470_,4.88
_1167_,4.88
_1247_,4.88
_1644_,4.88
_1661_,4.88
_1793_,4.88
_1841_,4.88
_1931_,4.88
_2106_,4.88
_2345_,4.88
_0222_,4.82
_0633_,4.82
_1164_,4.82
_1803_,4.82
_2049_,4.82
net399,4.82
net543,4.82
_0137_,4.8
_0297_,4.8
_0385_,4.8
_0761_,4.8
_1147_,4.8
_1478_,4.8
_1619_,4.8
_1811_,4.8
_1947_,4.8
_2022_,4.8
_2298_,4.8
net331,4.8
_1769_,4.78
_0339_,4.76
_0479_,4.76
_1011_,4.76
_1922_,4.76
_0583_,4.7
_1614_,4.7
_0330_,4.68
_1387_,4.68
_1451_,4.68
_0585_,4.66
_2148_,4.66
sm1.s1.t2.A_wire\[9\],4.66
_0589_,4.655
_1654_,4.61
_2199_,4.61
out1[4],4.61
out1_5[1],4.61
out1_7[10],4.61
out2_5[4],4.61
_1705_,4.6
_2351_,4.6
_0785_,4.58
_1446_,4.56
_1989_,4.56
_0178_,4.54
_1455_,4.54
_0047_,4.525
_1949_,4.51
_0872_,4.48
_0998_,4.48
_1209_,4.48
_2171_,4.48
_0136_,4.46
_0740_,4.46
_0884_,4.46
_1477_,4.46
_2035_,4.46
_2238_,4.46
_0315_,4.45
_0264_,4.44
_1258_,4.44
_0101_,4.42
_0284_,4.42
_0420_,4.42
_1236_,4.42
_1523_,4.42
_1935_,4.42
_2025_,4.42
_2032_,4.42
_2142_,4.42
_2248_,4.42
net101,4.42
net528,4.42
_2077_,4.36
_0561_,4.34
_0727_,4.34
_0751_,4.34
_0921_,4.34
_0953_,4.34
_0972_,4.34
_1557_,4.34
_1624_,4.34
_1749_,4.34
_1938_,4.34
_2075_,4.34
_2209_,4.34
_2348_,4.34
en,4.27
out1_2[8],4.27
out1_3[4],4.27
out1_3[9],4.27
out1_4[2],4.27
out1_4[4],4.27
out1_4[8],4.27
out1_5[5],4.27
out1_5[7],4.27
out1_5[9],4.27
out1_6[10],4.27
out1_6[6],4.27
out1_6[8],4.27
out1_7[1],4.27
out1_8[2],4.27
out1_8[5],4.27
out1_8[6],4.27
out1_8[9],4.27
out2[1],4.27
out2[3],4.27
out2[7],4.27
out2[9],4.27
out2_2[0],4.27
out2_2[10],4.27
out2_2[2],4.27
out2_2[4],4.27
out2_2[8],4.27
out2_3[2],4.27
out2_4[10],4.27
out2_4[7],4.27
out2_5[1],4.27
out2_5[7],4.27
out2_6[0],4.27
_0058_,4.24
_0183_,4.22
_0678_,4.22
_1202_,4.22
_1456_,4.22
_1655_,4.22
_2096_,4.22
_0189_,4.2
_0262_,4.2
_0391_,4.14
_1871_,4.14
_1365_,4.1
_1903_,4.1
_1930_,4.1
sm1.s2.t2.A_wire\[8\],4.08
out2_5[9],4.05
_1275_,4.02
_1601_,4.02
_1621_,4.02
_1893_,4.02
_1950_,4.02
_1108_,4
_1361_,4
_1452_,4
_1458_,4
_1484_,4
_1607_,4
_2002_,4
_2043_,4
_2241_,4
_0979_,3.98
sm1.s2.t2.A_wire\[6\],3.98
net578,3.93
out1[1],3.93
out1[7],3.93
out1[9],3.93
out1_2[2],3.93
out1_2[4],3.93
out1_2[6],3.93
out1_3[7],3.93
out1_4[6],3.93
out1_6[2],3.93
out1_6[4],3.93
net580,3.93
out2[5],3.93
out2_2[6],3.93
out2_3[3],3.93
out2_3[5],3.93
out2_3[7],3.93
out2_3[9],3.93
out2_4[0],3.93
out2_4[2],3.93
out2_4[4],3.93
out2_4[8],3.93
net576,3.93
_1766_,3.9
_1920_,3.9
_1937_,3.9
_2076_,3.9
_2173_,3.9
_2355_,3.9
_0525_,3.88
_0601_,3.88
_0851_,3.88
_1027_,3.88
_1344_,3.88
_1785_,3.88
_1983_,3.88
_2066_,3.88
_2138_,3.88
_2146_,3.88
_2179_,3.88
net493,3.88
_1682_,3.86
_0032_,3.805
_0827_,3.78
_0012_,3.705
_0051_,3.685
_0434_,3.68
_0588_,3.68
_1713_,3.66
_1330_,3.64
_1346_,3.64
_1535_,3.64
_1839_,3.6
_0419_,3.56
_1309_,3.56
_1786_,3.56
_1788_,3.56
_1940_,3.56
_2274_,3.56
net260,3.56
net401,3.56
_0348_,3.54
_0398_,3.54
_0412_,3.54
_0484_,3.54
_0540_,3.54
_0610_,3.54
_0647_,3.54
_1197_,3.54
_1227_,3.54
_1248_,3.54
_1349_,3.54
_1388_,3.54
_1395_,3.54
_1415_,3.54
_1747_,3.54
_1997_,3.54
_2052_,3.54
_2271_,3.54
_2349_,3.54
net515,3.54
_0747_,3.52
_2030_,3.52
_0033_,3.505
_0423_,3.44
_0948_,3.44
_2024_,3.44
_2312_,3.44
_2338_,3.44
sm1.s1.t2.A_wire\[6\],3.44
_0292_,3.42
_0433_,3.42
_0471_,3.42
_0503_,3.42
_0725_,3.42
_1018_,3.42
_1039_,3.42
_1307_,3.42
_1314_,3.42
_1679_,3.42
_1880_,3.42
_1915_,3.42
_1993_,3.42
_2028_,3.42
_2065_,3.42
_2162_,3.42
_2268_,3.42
sm2.s2.t1.A_wire\[8\],3.42
net233,3.42
net324,3.42
_0048_,3.34
_0055_,3.32
_0096_,3.32
_0577_,3.3
_0004_,3.245
_0005_,3.245
_0045_,3.245
_0451_,3.22
_1892_,3.22
_0541_,3.2
_0856_,3.2
_0304_,3.18
_0563_,3.1
_0767_,3.1
_0971_,3.1
_1884_,3.1
_2190_,3.1
_0223_,3.08
_0293_,3.08
_0480_,3.08
_0538_,3.08
_0555_,3.08
_0792_,3.08
_1411_,3.08
_1683_,3.08
_1725_,3.08
_1753_,3.08
_1833_,3.08
_1874_,3.08
_1978_,3.08
_2018_,3.08
net447,3.08
net504,3.08
_0052_,3.045
_0056_,3.045
_0062_,3.005
_0338_,2.98
_0456_,2.98
_0548_,2.98
_0814_,2.98
_2054_,2.98
_2064_,2.98
_2290_,2.98
_2319_,2.98
_0143_,2.96
_0266_,2.96
_0457_,2.96
_0741_,2.96
_0755_,2.96
_0810_,2.96
_0818_,2.96
_0824_,2.96
_0833_,2.96
_0867_,2.96
_0952_,2.96
_1093_,2.96
_1369_,2.96
_1506_,2.96
_1529_,2.96
_1618_,2.96
_1854_,2.96
_1926_,2.96
_1998_,2.96
_2040_,2.96
_2041_,2.96
_2047_,2.96
net220,2.96
net262,2.96
net288,2.96
_0015_,2.885
_0024_,2.86
_0037_,2.86
_2216_,2.86
_2318_,2.86
_2320_,2.86
_0174_,2.84
_1097_,2.84
_1468_,2.84
_1825_,2.84
sm1.s1.t2.A_wire\[10\],2.84
_0030_,2.835
_0022_,2.785
_0553_,2.74
_1059_,2.74
_1473_,2.74
_0512_,2.72
_0981_,2.72
_0029_,2.715
_0053_,2.705
_0246_,2.64
_0265_,2.64
_0274_,2.64
_0441_,2.64
_0627_,2.64
_0825_,2.64
_0865_,2.64
_0927_,2.64
_1375_,2.64
_1631_,2.64
_0069_,2.62
_0106_,2.62
_0184_,2.62
_0199_,2.62
_0205_,2.62
_0369_,2.62
_0380_,2.62
_0427_,2.62
_0530_,2.62
_0550_,2.62
_0582_,2.62
_0752_,2.62
_0783_,2.62
_0790_,2.62
_0797_,2.62
_0798_,2.62
_0826_,2.62
_0862_,2.62
_0882_,2.62
_0973_,2.62
_1149_,2.62
_1694_,2.62
_1946_,2.62
_1977_,2.62
_2070_,2.62
_2152_,2.62
_2194_,2.62
_2243_,2.62
_2256_,2.62
_2287_,2.62
_2344_,2.62
net213,2.62
_0013_,2.595
_0027_,2.585
_0034_,2.585
_0038_,2.585
_0040_,2.545
_0043_,2.545
_0343_,2.52
_0775_,2.52
_0784_,2.52
_0876_,2.52
_0933_,2.52
_1706_,2.52
_2031_,2.52
_2058_,2.52
_2143_,2.52
_2340_,2.52
_0135_,2.5
_0198_,2.5
_0228_,2.5
_0279_,2.5
_0549_,2.5
_0613_,2.5
_0643_,2.5
_0674_,2.5
_0811_,2.5
_0880_,2.5
_0970_,2.5
_1095_,2.5
_1169_,2.5
_1220_,2.5
_1240_,2.5
_1464_,2.5
_1678_,2.5
_1863_,2.5
_1933_,2.5
_2013_,2.5
_2017_,2.5
_2073_,2.5
_2350_,2.5
_2353_,2.5
_2354_,2.5
_0035_,2.42
_0042_,2.42
_0194_,2.4
_0063_,2.375
_0168_,2.3
_0414_,2.3
_0802_,2.3
_0861_,2.3
_0870_,2.3
_2163_,2.3
_2185_,2.3
_2250_,2.3
_0318_,2.28
_0341_,2.28
_0593_,2.28
_0645_,2.28
_1391_,2.28
_1889_,2.28
_2339_,2.28
_0119_,2.18
_0181_,2.18
_0542_,2.18
_0572_,2.18
_0770_,2.18
_1072_,2.18
_1597_,2.18
_1605_,2.18
_1869_,2.18
_1909_,2.18
_1943_,2.18
_1945_,2.18
_2264_,2.18
net253,2.18
net358,2.18
_0113_,2.16
_0167_,2.16
_0190_,2.16
_0253_,2.16
_0387_,2.16
_0535_,2.16
_0570_,2.16
_0586_,2.16
_0620_,2.16
_0684_,2.16
_0815_,2.16
_0878_,2.16
_0938_,2.16
_1400_,2.16
_1441_,2.16
_1599_,2.16
_2033_,2.16
_2038_,2.16
_2042_,2.16
_2071_,2.16
_2174_,2.16
_2266_,2.16
_2310_,2.16
net251,2.16
_0059_,2.125
_0186_,2.06
_0241_,2.06
_0290_,2.06
_0354_,2.06
_0376_,2.06
_0478_,2.06
_0490_,2.06
_0569_,2.06
_0689_,2.06
_0730_,2.06
_0778_,2.06
_0800_,2.06
_0854_,2.06
_0859_,2.06
_0959_,2.06
_0963_,2.06
_1016_,2.06
_1065_,2.06
_1206_,2.06
_2019_,2.06
_2037_,2.06
_2046_,2.06
_2055_,2.06
_2068_,2.06
_2072_,2.06
_2343_,2.06
_0127_,2.04
_0150_,2.04
_0207_,2.04
_0487_,2.04
_0857_,2.04
_1006_,2.04
_1025_,2.04
_1187_,2.04
_1199_,2.04
_1214_,2.04
_1302_,2.04
_1538_,2.04
_1784_,2.04
_2039_,2.04
_2215_,2.04
_2235_,2.04
_2277_,2.04
_2306_,2.04
_2325_,2.04
net533,2.04
_0023_,2.025
_0025_,2.025
_0028_,2.025
_0031_,2.025
_0049_,2.025
_0057_,2.025
_2292_,1.94
_0765_,1.87
_0200_,1.84
_0483_,1.84
_0532_,1.84
_0618_,1.84
_0820_,1.84
_0915_,1.84
_0956_,1.84
_1491_,1.84
_1637_,1.84
net126,1.84
net143,1.84
net156,1.84
net346,1.84
net381,1.84
_1362_,1.82
_2218_,1.82
_2273_,1.82
_0296_,1.72
_0360_,1.72
_0799_,1.72
_1772_,1.72
_1795_,1.72
_1888_,1.72
_1992_,1.72
_2275_,1.72
_0415_,1.715
_0268_,1.7
_0422_,1.7
_0506_,1.7
_0528_,1.7
_0638_,1.7
_0680_,1.7
_0773_,1.7
_0908_,1.7
_1020_,1.7
_1218_,1.7
_1232_,1.7
_1333_,1.7
_1392_,1.7
_1630_,1.7
_1711_,1.7
_1776_,1.7
_1820_,1.7
_1959_,1.7
_2015_,1.7
_2189_,1.7
_2206_,1.7
net544,1.7
net575,1.7
_0209_,1.6
_0486_,1.6
_0866_,1.6
_0875_,1.6
_1076_,1.6
_2302_,1.6
_0011_,1.575
_0893_,1.48
_2060_,1.48
_0018_,1.405
_0129_,1.38
_0306_,1.38
_0819_,1.38
_1180_,1.38
_1459_,1.38
_1503_,1.38
_1779_,1.38
_1877_,1.38
net316,1.38
_0193_,1.375
_0116_,1.36
_1086_,1.36
_1088_,1.36
_1670_,1.36
_0170_,1.26
_0238_,1.26
_0259_,1.26
_0357_,1.26
_0466_,1.26
_0587_,1.26
_0947_,1.26
_0954_,1.26
_0960_,1.26
_1002_,1.26
_1229_,1.26
_1296_,1.26
_1325_,1.26
_1363_,1.26
_1366_,1.26
_1447_,1.26
_1752_,1.26
_2010_,1.26
_2127_,1.26
_2157_,1.26
_0392_,1.14
_0418_,1.14
_0635_,1.14
_0611_,1.02
_2308_,1.02
_0090_,0.92
_0251_,0.92
_0646_,0.92
_0722_,0.92
_0748_,0.92
_1156_,0.92
_1238_,0.92
_1265_,0.92
_1348_,0.92
_1505_,0.92
_1594_,0.92
_1768_,0.92
_1790_,0.92
_1824_,0.92
_1911_,0.92
_1921_,0.92
_1925_,0.92
_0897_,0.85
_0311_,0.8
_0734_,0.8
_1968_,0.8
_2295_,0.8
_0288_,0.46
_0351_,0.46
_0372_,0.46
_0475_,0.46
_0566_,0.46
_0841_,0.46
_0888_,0.46
_1293_,0.46
_1406_,0.46
_1430_,0.46
_1737_,0.46
_1757_,0.46
_1804_,0.46
_2283_,0.46
